{
  "a": 0.037860093488330165,
  "b": 4.738520532230051,
  "c": 20.220591170903255,
  "d": 1.1999999999987006,
  "g": 49.99999994026665
}