{
  "A_0": 0.36331072494448835,
  "A_1": 0.06160623375655268,
  "A_2": -0.03009958339557637,
  "A_3": 0.013482428928696819,
  "A_4": -0.004704316035470147,
  "A_5": 0.002197646498117906,
  "A_6": -0.0003455338815170328,
  "A_7": 0.0005428578185082264,
  "A_8": 0.00010442761449940066,
  "A_9": 0.0002496224987423643,
  "A_10": 0.00010556279795830771,
  "A_11": 0.0001881413004332004,
  "A_12": -1.745850070781232e-05,
  "A_13": 0.00017134050345880117,
  "A_14": -5.112487778968863e-05,
  "A_15": 8.21783966297234e-05,
  "B_0": -2.096235195183198e-07,
  "B_1": -5.243480677826144e-07,
  "B_2": 2.743813704020326e-09,
  "B_3": -2.162152800494351e-07,
  "B_4": -1.269416675423688e-07,
  "B_5": -1.3989171999121358e-07,
  "B_6": -1.0915000001965672e-07,
  "B_7": -1.111219214061816e-07,
  "B_8": -8.021360023337948e-08,
  "B_9": -6.743229841509514e-08,
  "B_10": -5.388045570906691e-08,
  "B_11": -4.5268612277709276e-08,
  "B_12": -1.691119038468164e-08,
  "B_13": -2.8348158877376345e-08,
  "B_14": -2.1200987363259594e-09,
  "B_15": -6.725669579887082e-09
}