{
  "Best Radius (m)": 57.01774962736193,
  "Best Rated Power (kW)": 2300.0271761443755,
  "Hub Height (m)": 157.40014887259133,
  "Cost of Energy (USD/kWh)": 0.0509679331679962
}